id,name,score
42161-867-0x62f25a11c2ae5a2af563cc5b1f772b3aebe1bd4a0a82e41a78e61e1db972ad7e,GainForest,0.211946
42161-867-0xd089724cd73c932413bce5c797aee7d2fbcd1ad282f24cff790977e77908fdca,Treegens DAO🌳,0.187672
42161-867-0x5a35dc4ee0fd8cf69eb9f227b626c0c093c3efc5a6f1b518a3792d5e8b721860,ÆRTH - Planetary AI,0.199991
42161-867-0xe573019b9f23a496663f5944a83c8acdc99792bfc5f5ad603ee8f6cb0f46f9fe,Hydrapad,0.194028
42161-865-0x9119659eb8173b32bb4423f83702ee30c1e1db49ae0c07b00263bf3ea7f4d4ef,Deep Funding,0.206363